<?xml version="1.0" encoding="UTF-8" standalone="yes"?>
<manifest>
  <control namespace="mhs" constructor="labeltext" version="0.0.1" display-name-key="labeltext" description-key="labeltext description" control-type="virtual" api-version="1.3.4">
    <external-service-usage enabled="false"/>
    <property name="sampleProperty" display-name-key="Property_Display_Key" description-key="Property_Desc_Key" of-type="SingleLine.Text" usage="bound" required="true"/>
    <property name="MultilineText" display-name-key="MultilineText" description-key="MultilineText" of-type="Multiple" usage="input" required="false"/>
    <resources>
      <code path="bundle.js" order="1"/>
      <platform-library name="React" version="16.8.6"/>
      <platform-library name="Fluent" version="8.29.0"/>
    </resources>
    <built-by name="pac" version="1.21.8"/>
  </control>
</manifest>